iso3,period,admin_level,service,admin_name,pop_total,pop_covered,pop_coverage_pct,area_coverage_pct,tiles,tests,devices,d_median_pop,d_mean_pop,d_median_tile,d_p10_pop,d_p90_pop,divide_ratio,u_median_pop,lat_median_pop,pct_above_bb,pct_above_hi,density
SEN,2026Q2,ADM1,fixed,Dakar,3936042.6962304115,3097075.2875976562,78.68500233911988,26.739701200965374,416.0,32750.0,9311.0,44.813407169380184,58.73886854324079,52.911500000000004,29.759928023583132,111.35454979208798,3.7417613948476465,10.500054569960087,8.0,100.0,96.7875147737611,7234.73441158226
SEN,2026Q2,ADM1,fixed,Diourbel,2192644.1546420204,220931.94511508942,10.07605108413771,0.2156489729460258,30.0,1842.0,147.0,24.361625651553062,29.144581922321446,25.186500000000002,15.701003339829839,51.96976787025288,3.3099647675647272,9.30566026489394,54.33765807252342,92.7709990716999,48.11755229910503,450.9850587981276
SEN,2026Q2,ADM1,fixed,Fatick,923298.9913105365,344.3232421875,0.03729271291618822,0.0049777286879710905,1.0,244.0,1.0,50.004,50.00399999999999,50.004,50.004,50.004,1.0,2.603,716.0,100.0,100.0,130.99372174197484
SEN,2026Q2,ADM1,fixed,Kaffrine,839164.2937686151,11714.353088378906,1.395954662914785,0.006363763032488755,2.0,64.0,5.0,28.440757881182304,28.440757881182307,33.084,27.602,37.21195788118231,1.3481616506478626,18.065576981354997,94.38250541826993,100.0,100.0,75.9603224750474
SEN,2026Q2,ADM1,fixed,Kaolack,1383021.0216680013,91975.6099243164,6.650340702225092,0.06685614327401287,10.0,391.0,77.0,46.02222184766958,55.41132665669071,46.064499999999995,26.55602792840227,113.09318684567268,4.258663500075513,13.696774591215986,12.013000843283479,99.40428496525116,99.40428496525116,262.7337690530285
SEN,2026Q2,ADM1,fixed,Kolda,952924.0140885175,14426.014770507812,1.513868320792236,0.005176855114426094,2.0,66.0,11.0,117.8438761218012,117.84387612180122,112.642,107.99907612180121,118.795,1.099963113258702,23.558821916206966,23.0915776960793,100.0,100.0,69.41528526153397
SEN,2026Q2,ADM1,fixed,Louga,1184311.5383487497,46612.16329193115,3.9358025133252608,0.009472523939024107,7.0,613.0,23.0,25.040810135322758,26.904431499611263,24.833,22.133441969845972,41.548215093383384,1.8771691791085903,4.827124313430444,18.027938516450252,100.0,50.260752475874824,46.1573738326556
SEN,2026Q2,ADM1,fixed,Matam,884228.0598788023,17578.421752929688,1.9879963722638585,0.00599734721307271,5.0,166.0,17.0,29.23703662555583,42.18425109075415,20.21,12.984800328186573,72.881,5.612793278137254,13.717255172897758,87.12151979491087,100.0,55.239548004575,30.641681779268392
SEN,2026Q2,ADM1,fixed,Saint Louis,1230152.985180339,30048.468788146973,2.442661128342659,0.014553516410396206,8.0,545.0,55.0,56.994028729675364,90.86563065273097,29.71,12.499,222.321,17.78710296823746,11.654201804164106,14.0,100.0,79.66481207166674,64.84403977728819
SEN,2026Q2,ADM1,fixed,Tambacounda,1040805.0162072952,16918.226318359375,1.6254943101647967,0.0049280532172429874,6.0,690.0,22.0,27.50919603110253,31.350626393415997,30.6375,18.831370215106006,56.53019522332531,3.001916195029629,6.996242979937216,25.32147598174357,100.0,46.71875954901691,24.417880077449855
SEN,2026Q2,ADM1,fixed,Thies,2547436.0951908217,300821.33335113525,11.808788213335005,0.2974474911282328,56.0,2709.0,522.0,42.93122578538008,53.88414941996512,48.9025,24.558253809849198,106.42787618466097,4.333690701656385,10.887151159772632,11.670195767090812,97.18909764440062,83.57570768133891,386.57287201704463
SEN,2026Q2,ADM1,fixed,Ziguinchor,617864.8148206114,10143.064849853516,1.641631730202733,0.014495236950560516,3.0,84.0,5.0,90.19511256769843,96.51682134549021,66.424,17.8714742252602,290.509580745457,16.255490570265327,15.162860438066865,14.072678114898805,95.97309757445956,95.97309757445956,84.00439534023455
SEN,2026Q2,ADM1,mobile,Dakar,3936042.6962304115,123251.75512695312,3.131362249830079,0.5142296032422562,8.0,328.0,27.0,32.14472503182354,37.305537766557975,24.377,12.93398403771312,69.149,5.346303180703968,16.07365033460384,17.557178376236656,97.94081655574485,66.84856630652737,7234.73441158226
SEN,2026Q2,ADM1,mobile,Diourbel,2192644.1546420204,4445.44873046875,0.20274373847016372,0.007182139367646879,1.0,28.0,1.0,44.571,44.571,44.571,44.571,44.571,1.0,15.793,20.0,100.0,100.0,450.9850587981276
SEN,2026Q2,ADM1,mobile,Kaolack,1383021.0216680013,5043.31982421875,0.3646596649800899,0.006678713898669514,1.0,124.0,1.0,30.275,30.274999999999995,30.275,30.275,30.275,1.0,9.1,136.0,100.0,100.0,262.7337690530285
SEN,2026Q2,ADM1,mobile,Louga,1184311.5383487497,1066.0693664550781,0.0900159571139083,0.0027174701627911166,2.0,154.0,3.0,32.40005612730624,32.40005612730624,33.607,25.249,41.965,1.6620460216246191,19.66846026937138,22.7166087352286,100.0,100.0,46.1573738326556
SEN,2026Q2,ADM1,mobile,Saint Louis,1230152.985180339,106.63868713378906,0.008668733760635141,0.0018237782962684478,1.0,29.0,1.0,13.256,13.256,13.256,13.256,13.256,1.0,6.421,24.0,100.0,0.0,64.84403977728819
SEN,2026Q2,ADM1,mobile,Tambacounda,1040805.0162072952,8382.7783203125,0.8054129438056933,0.0008226064556606735,1.0,56.0,3.0,6.851,6.851,6.851,6.851,6.851,1.0,23.964,25.0,0.0,0.0,24.417880077449855
SEN,2026Q2,ADM1,mobile,Ziguinchor,617864.8148206114,1975.857177734375,0.3197879423362274,0.004826764607606562,1.0,31.0,2.0,3.295,3.295,3.295,3.295,3.295,1.0,4.941,48.0,0.0,0.0,84.00439534023455
