service,year,quarter,tiles,tests,devices,pop_weight,area_km2,d_mean_tile,d_median_tile,d_mean_pop,d_median_pop,d_p10_pop,d_p90_pop,u_median_pop,lat_median_pop,pct_above_bb,pct_above_hi,divide_ratio,period
fixed,2024,2,106.0,9951.0,2169.0,1040997.7958984375,37.06309410448476,46.04450943396227,44.333,44.1450224255207,39.6874775713003,24.58114457735569,73.20238981490964,8.788433719839178,8.0,99.64862081132284,87.83562732610827,2.977989474190073,2024 Q2
mobile,2024,2,4.0,373.0,75.0,22357.02734375,1.3990668386746232,306.10800000000006,278.6915,345.5645270679189,386.30255485862773,141.786,525.263,31.95669613872667,21.542279607446563,100.0,100.0,3.704618227469567,2024 Q2
fixed,2024,3,107.0,11881.0,1879.0,1099993.1197681427,37.405051192952804,41.203093457943915,34.868,35.87042160044064,32.12415152094952,14.452179559707211,62.94978239057444,6.483012147165602,9.0,95.7425785328802,64.9903518279542,4.355729329995243,2024 Q3
mobile,2024,3,1.0,71.0,6.0,1182.658935546875,0.34968569354425044,99.454,99.454,99.454,99.454,99.454,99.454,24.58,13.0,100.0,100.0,1.0,2024 Q3
fixed,2024,4,86.0,8919.0,1650.0,874063.9332447052,30.083282837060654,46.928616279069765,43.2525,45.232419414816626,41.143656968947084,21.397061226698597,74.72443845806842,8.159739183873599,11.0,98.42475463319758,83.1837781679625,3.4922757693860107,2024 Q4
mobile,2024,4,2.0,143.0,6.0,15452.40625,0.6998312434615337,51.135999999999996,51.135999999999996,59.009,59.009,59.009,59.009,13.611,19.0,100.0,100.0,1.0,2024 Q4
fixed,2025,1,87.0,9169.0,1666.0,881412.635925293,30.42793151108053,50.974701149425286,43.207,44.49215022941248,36.30536172613473,17.5850933095331,74.4151451399773,9.96178297055827,12.176681834386143,98.0329144468415,80.74059562894026,4.231717388706485,2025 Q1
mobile,2025,1,1.0,91.0,4.0,0.0,0.34982210793186597,46.976,46.976,,,,,,,,,,2025 Q1
fixed,2025,2,105.0,10974.0,2108.0,1062420.2160644531,36.71438792085302,44.462161904761906,38.934,40.14519208707376,37.08769899882518,18.252432723874517,64.37228005288385,10.902715762478685,12.0,95.76688417714033,73.17687650214994,3.5267781027722256,2025 Q2
mobile,2025,2,1.0,264.0,1.0,9328.279296875,0.34961736203770644,84.482,84.482,84.482,84.482,84.482,84.482,20.803,19.0,100.0,100.0,1.0,2025 Q2
fixed,2025,3,117.0,11681.0,2330.0,1133377.4523925781,40.91040295698529,40.59410256410256,35.83,36.47293817530298,33.49448271674281,17.752728744516034,58.630212076307,10.186693776605326,15.912352672687609,100.0,69.92266080094545,3.3026028234909157,2025 Q3
mobile,2025,3,4.0,306.0,7.0,54665.789306640625,1.3981953155345146,41.528000000000006,30.039,19.921184966350456,13.800019421402144,13.391,45.228389526978916,13.413362034075256,18.0,100.0,18.04364404970718,3.3775214343199846,2025 Q3
fixed,2025,4,138.0,13169.0,2795.0,1494505.0397949219,48.25239506452031,37.190971014492746,33.028999999999996,33.49177105737145,29.873543068495877,14.638186174276075,63.261911267953366,8.925946684562343,7.0,97.41062973944344,57.734175030682955,4.321704240865891,2025 Q4
mobile,2025,4,2.0,122.0,7.0,36225.3701171875,0.6994055217771841,36.1845,36.1845,19.096355496470267,19.09635549647027,10.578,60.066755496470265,10.024805253456288,39.67537064986962,100.0,16.633189808193762,5.678460530957674,2025 Q4
fixed,2026,1,399.0,50244.0,11259.0,3300528.165977478,139.49950398813183,57.69912781954888,49.079,50.45313009063014,42.87667488071436,25.996979513594464,90.62911295032764,9.854519872832087,10.0,99.87277645828297,90.28870421198279,3.4861401072742098,2026 Q1
mobile,2026,1,1.0,200.0,2.0,30199.935546875,0.34968569354425044,22.415,22.415,22.415,22.415,22.415,22.415,11.374,26.0,100.0,0.0,1.0,2026 Q1
fixed,2026,2,277.0,30879.0,7024.0,2292266.6363830566,96.86485347585221,73.44236462093862,62.929,63.99656903604567,50.43265496095234,30.382457630023953,119.51138133820302,11.14802555185589,8.0,100.0,94.7811388681564,3.9335653090848663,2026 Q2
mobile,2026,2,4.0,367.0,9.0,44082.09506225586,1.4004146398966923,24.4375,24.467,17.983631078058828,17.776554214250385,6.983713041140636,29.332036529315985,13.970134231535086,49.34391321563765,80.98371162152401,12.475317217345825,4.200063255251571,2026 Q2
